lat_values,lng_values,city,country,Temp,Humidity,Cloudiness,Wind Speed,Lat,Longitude
-37.7723571374069,-11.362771784356624,jamestown,sh,68.08,100,88,16.06,-15.94,-5.72
88.40013677932524,-172.65240486149392,mys shmidta,ru,26.6,100,90,8.95,52.98,49.71
-48.35405762600486,-3.086240468806693,cape town,za,50,76,0,2.24,-33.93,18.42
44.72565126920463,-62.494575822813374,new glasgow,ca,51.07,86,0,7.11,45.58,-62.65
47.62634446836094,-54.124985421822956,bay roberts,ca,41,86,90,6.93,47.6,-53.26
69.44550626291084,-89.18082911589,thompson,ca,32,76,90,3.36,55.74,-97.86
18.18707910267311,-45.32462923971207,sinnamary,gf,80.95,95,64,11.03,5.38,-52.95
-39.38164693621362,-23.011322939120106,arraial do cabo,br,75.2,88,75,13.87,-22.97,-42.03
-37.55041957267394,101.13188041024796,busselton,au,63.94,100,8,24.94,-33.65,115.33
-40.371505422697886,-137.02757064952522,rikitea,pf,72.58,100,8,7.49,-23.12,-134.97
5.42843106421779,-101.46996604671625,puerto escondido,mx,84.2,74,75,11.41,15.85,-97.07
-53.072388302558814,-167.26395394345792,avarua,ck,73.93,100,12,14.43,-21.21,-159.78
33.70420082877871,147.5595100673579,hasaki,jp,58.87,82,75,9.17,35.73,140.83
54.582905960784814,103.28024993122676,ust-uda,ru,25.15,100,64,4.09,54.17,103.03
23.386876221517525,109.63213306920483,guicheng,cn,67.72,81,0,2.46,23.1,109.61
-72.08733751804333,-174.0077411746625,vaini,to,80.6,83,75,4.7,-21.2,-175.2
-30.277839599061203,-97.5080736389235,lebu,cl,52.6,100,76,6.78,-37.62,-73.65
1.981097029537736,-40.776823222618816,camocim,br,80.09,72,0,18.01,-2.9,-40.84
11.248501617719114,8.090497797934148,zaria,ng,60.34,52,20,2.8,11.11,7.72
-30.4243329240826,174.32319274773778,kaeo,nz,67.72,64,56,7.78,-35.1,173.78
70.7269550517739,-151.59909441565216,barrow,us,24.8,85,90,21.92,71.29,-156.79
12.5477511309781,-25.299300998844558,sao filipe,cv,78.83,100,0,12.93,14.9,-24.5
20.311092763564602,-176.49138111771126,kapaa,us,81.59,61,75,8.05,22.08,-159.32
59.38102034697974,142.78373267883978,okhotsk,ru,17.09,100,8,4.47,59.38,143.3
-85.55016266598123,24.83635406130142,bredasdorp,za,51.8,71,0,5.82,-34.53,20.04
59.34623640958691,75.38194621020182,megion,ru,26.6,100,90,8.95,61.03,76.11
58.530037520765774,-75.59146750176247,chapais,ca,33.8,74,90,3.36,49.78,-74.85
19.187868210779087,-119.7016932367167,constitucion,mx,86.98,20,0,10.07,25.04,-111.66
-41.77429960381119,166.74575532002723,te anau,nz,59.62,60,0,3.58,-45.42,167.72
-78.782678002092,152.6762727825589,bluff,nz,53.77,96,0,2.46,-46.6,168.33
-47.33041185371583,149.37107456729194,hobart,au,71.6,46,40,10.29,-42.88,147.33
-81.7964393676229,91.7119914195618,albany,au,60.83,71,32,24.83,-35.02,117.89
28.699662494852817,-123.38121356393924,lompoc,us,66.11,93,75,11.41,34.64,-120.46
-45.595831093993105,-146.85328781436283,mataura,pf,30.2,92,75,5.82,60.29,25.04
-88.46380247781063,38.73423362109128,port elizabeth,za,51.8,71,20,1.12,-33.92,25.57
-2.5625492752668606,69.78291883317479,hithadhoo,mv,82.39,100,0,4.59,-0.6,73.08
2.0385351117799644,-130.23311382341748,atuona,pf,78.34,100,80,5.82,-9.8,-139.03
-30.370173909795383,94.44609421215603,carnarvon,au,66.55,97,0,19.3,-24.87,113.63
26.45886659325444,-97.04297109369843,san benito,us,67.24,45,90,10.29,26.13,-97.63
8.422289966062365,-97.59932974326664,pochutla,mx,84.2,74,75,11.41,15.73,-96.47
-7.565501276005307,25.75338300671291,kamina,cd,64.03,95,80,2.68,-8.74,24.99
-84.48149738306583,-30.237750500169227,ushuaia,ar,46.4,70,20,8.05,-54.8,-68.3
89.29126378384146,129.49838332660414,tiksi,ru,5.98,80,20,12.15,71.69,128.87
82.3769093687192,34.333404461567426,vardo,no,40.9,100,44,19.69,70.37,31.11
34.835317726753715,25.18642659053603,pirgos,gr,57.2,87,0,0.29,37.68,21.44
89.80588062632069,56.54920449143012,belushya guba,ru,33.25,100,80,17.4,69.71,60.05
68.05331750988535,-25.94871281582178,bolungarvik,is,34.78,100,0,5.48,66.08,-23.12
18.980857262361283,69.00675552100702,veraval,in,76.27,85,0,4.25,20.9,70.37
53.49370474245654,0.07042873037033814,cleethorpes,gb,44.11,87,0,4.7,53.56,-0.03
32.52785228955203,5.2981561721765615,warqla,dz,45.88,93,0,9.17,45.75,21.23
68.69175789184095,64.43825778176515,severnyy,ru,42.8,100,90,2.24,50.68,36.55
55.45342044214081,158.05170148371593,esso,ru,22.13,89,24,2.86,55.93,158.7
10.791873179402259,14.753258877297242,bogo,cm,72.08,38,12,7,10.73,14.61
54.69734929993916,129.50371332757766,zeya,ru,40.04,99,92,3.8,53.75,127.27
-14.038088819343045,-168.36215342406874,satitoa,ws,52.64,76,0,2.8,30.3,76.46
-65.8068307224038,63.70063114301391,taolanaro,mg,73.4,88,20,6.93,-25.02,46.97
43.813561928100995,57.02460154770179,beyneu,kz,26.05,83,0,2.75,45.32,55.2
29.165577333639177,-23.233265819935554,los llanos de aridane,es,75.2,38,76,3.36,28.66,-17.92
49.92698881593881,92.1554370424895,ulaangom,mn,-6.45,48,0,2.53,49.98,92.07
47.10098524174151,160.10485024002554,severo-kurilsk,ru,41.53,92,8,18.86,50.68,156.12
-18.236817231545885,11.532333862161153,opuwo,na,54.67,62,0,3.24,-18.06,13.84
73.13086921414904,-8.379250838796281,klaksvik,fo,48.2,100,92,18.34,62.23,-6.59
36.6815839050157,-60.91404351020614,saint george,bm,73.4,60,40,12.75,32.38,-64.68
62.705632798049265,-126.08418043774688,norman wells,ca,30.2,86,90,2.24,65.28,-126.83
-32.64510795556692,74.3981587821228,bambous virieux,mu,75.2,83,40,11.41,-20.34,57.76
80.86049377366658,38.56127360309273,tumannyy,ru,33.43,90,76,13.82,69.16,35.15
28.05322556962797,-63.925119500015725,hamilton,bm,73.4,60,40,12.75,32.29,-64.78
43.73973603775735,149.3006814205703,sentyabrskiy,ru,25.01,89,76,5.88,60.75,72.86
55.40779297417026,-126.24763130238347,houston,ca,39.2,93,40,4.7,54.4,-126.67
29.62609273154071,-32.31346742834921,ribeira grande,pt,64.75,100,88,12.82,38.52,-28.7
76.69076320038496,-55.901133165321724,upernavik,gl,29.11,100,88,6.49,72.79,-56.15
62.429393131338145,52.276149394820465,sindor,ru,23.53,86,88,5.21,62.86,51.89
-11.00199409697099,8.463753138057939,benguela,ao,72.89,100,12,4.7,-12.58,13.41
-16.98361773456608,65.99263905883495,quatre cocos,mu,75.2,83,40,11.41,-20.21,57.76
85.79209172555943,-138.5086979686351,tuktoyaktuk,ca,28.4,92,90,10.29,69.45,-133.04
-22.709024923951432,-64.00464900595118,tartagal,ar,75.28,62,80,8.61,-22.52,-63.8
-13.034758733903985,-70.67832191354246,paucartambo,pe,50,81,90,2.24,-13.42,-71.85
-47.16398766856024,132.93081640849124,mount gambier,au,59.03,88,64,4.81,-37.83,140.77
-69.0258694547448,-112.21850466639414,punta arenas,cl,44.6,93,75,10.29,-53.15,-70.92
72.06470204931017,9.162074326667494,sorland,no,45.13,100,68,26.57,67.67,12.69
55.76691002508892,-68.82327682554089,port-cartier,ca,42.8,81,75,11.41,50.03,-66.87
6.633574548314272,108.20884537623164,bac lieu,vn,78.97,100,80,6.89,9.29,105.72
-40.38601515720612,130.27956083184057,port lincoln,au,62.36,84,68,12.93,-34.73,135.87
37.13502046969168,145.71478911068664,kamaishi,jp,53.6,81,40,3.36,39.27,141.88
-1.2895124232338162,29.206935975600004,goma,cd,60.74,100,92,2.24,-1.68,29.22
45.247083834818255,10.569577982010657,goito,it,49.26,62,0,5.82,45.25,10.67
75.5558030642946,75.27145668191855,dikson,ru,20.74,100,64,21.92,73.51,80.55
-37.3923236164458,59.74708305741683,saint-philippe,re,72.45,64,90,3.36,-21.36,55.77
63.4597228103099,48.30994127304149,mezhdurechensk,ru,5.21,73,8,2.19,53.69,88.06
68.76957635009168,-85.24447763101884,attawapiskat,ca,37.34,72,92,9.57,52.3,-81.62
-53.3676948752419,8.236160885494058,hermanus,za,44.77,81,0,6.6,-34.42,19.23
-15.438934259327795,152.8681745169327,samarai,pg,81.04,98,44,3.98,-10.62,150.67
4.653534529423169,55.184173758784084,eyl,so,75.91,100,76,6.11,7.98,49.82
-9.814015814786359,-29.797371537934794,olinda,br,78.8,78,75,11.41,-8.01,-34.86
-14.555318529858184,94.3496464257268,bengkulu,id,79.24,100,56,3.69,-3.8,102.27
72.38007422282789,-11.27737599883909,husavik,is,50,61,0,23.04,66.04,-17.34
-48.33881058178336,46.198566918518225,tsihombe,mg,68.62,97,92,13.04,-25.3,45.48
51.75195760544085,121.64047613721533,genhe,cn,24.07,69,80,13.04,50.78,121.52
25.952808020901287,-52.570989375899,codrington,ag,40.64,100,0,8.05,51.5,-2.42
10.421146936584549,48.840307177216715,bosaso,so,81.44,100,8,6.22,11.28,49.18
40.34817504382414,-73.74314636544261,long branch,us,51.91,76,1,14.32,40.3,-73.99
65.79902706086145,-175.711482372556,provideniya,ru,31.18,100,12,17.11,64.38,-173.3
49.64570646603596,-16.770736106874438,dingle,ie,51.83,100,0,8.57,52.14,-10.27
74.7550868488751,-116.42374479760088,yellowknife,ca,35.6,91,90,18.34,62.46,-114.35
4.446973023411772,37.48972570872172,yabelo,et,59.35,92,8,4.7,4.88,38.08
5.183602837660999,27.855514403738027,tambura,sd,,,,,,
76.1462330639074,-43.436440036677766,ilulissat,gl,26.6,68,75,8.05,69.22,-51.1
21.74580772837345,91.66342067474125,patiya,bd,71.6,88,0,7.38,22.29,91.98
-7.869362513669074,115.96852859277942,mataram,id,84.2,74,20,2.24,-8.58,116.12
69.87311365605964,-19.769563665543416,illoqqortoormiut,gl,64.75,100,88,12.82,38.53,-28.64
-2.3010925485057783,-175.1493812875534,vaitupu,wf,71.6,94,90,11.41,-17.8,-63.17
47.89464275186842,122.31689094925076,zalantun,cn,34.91,48,8,11.86,48,122.72
-77.17801791576662,128.29484842922778,new norfolk,au,71.6,46,40,10.29,-42.78,147.06
76.62648130118072,9.582072297716707,barentsburg,sj,,,,,,
9.477013806236712,55.32757236277385,bandarbeyla,so,76.49,100,92,9.84,9.49,50.81
50.878826837325704,-52.99031756598214,bonavista,ca,42.88,100,24,9.35,48.65,-53.11
-13.181147000515466,-38.441360984922596,salvador,br,77,83,20,10.29,-12.97,-38.51
-1.3604755000865794,-160.57240852990046,samusu,ws,50,93,92,2.24,37.75,26.98
-4.84656500381891,-100.54194244164188,puerto ayora,ec,71.6,73,20,16.11,-0.74,-90.35
8.692320467366017,-37.44609929894594,itarema,br,78.83,79,0,16.67,-2.88,-39.95
-5.952326054644175,-67.09904019336433,carauari,br,81.4,81,8,3.2,-4.88,-66.9
-87.16994245967092,30.509326329609763,kruisfontein,za,54.26,97,24,9.28,-34,24.73
69.82129416322346,174.53566400159468,komsomolskiy,ru,44.36,89,8,4.25,43.98,46.7
54.290575630323445,-130.01669422744823,prince rupert,ca,51.8,66,90,3.36,54.32,-130.32
-39.588556510514906,-64.49373284242503,viedma,ar,64.3,45,0,15.28,-40.81,-63
43.9217721194359,-97.008170468378,madison,us,37.4,87,90,9.17,43.07,-89.4
13.8137899125431,34.84964156551925,doka,sd,69.88,86,32,2.8,13.52,35.77
-49.940803766410916,-105.09042763429476,castro,cl,49.76,100,88,11.03,-42.47,-73.77
68.5609488352548,96.89729522920334,tura,ru,23.8,75,88,7.38,64.28,100.25
81.87295499839556,117.59271996714892,saskylakh,ru,5.03,76,56,12.82,71.92,114.08
-20.922100302873403,-65.31424555111647,camargo,bo,55.43,50,0,6.22,-20.65,-65.22
67.32038155234562,112.15600481911235,udachnyy,ru,7.06,82,56,2.86,66.42,112.4
42.2192165371946,-11.220300858637074,muros,es,55.4,87,0,7.83,42.78,-9.06
-60.770823665561906,-24.11044420949827,chuy,uy,62.32,99,92,17.85,-33.7,-53.46
5.920283073768061,177.7216861147097,butaritari,ki,83.38,100,0,9.24,3.07,172.79
9.716075825551513,-115.61787818757978,cabo san lucas,mx,86,55,20,13.27,22.89,-109.91
32.51774269120705,61.49785656612261,anar darreh,af,49.9,50,0,2.57,32.76,61.65
35.952209980918084,4.576888799105802,tazmalt,dz,55.4,87,0,9.17,36.39,4.4
31.79696039983665,-9.169258389815695,asfi,ma,55.93,79,0,2.8,32.3,-9.24
-41.12129185608225,123.57243715956736,esperance,au,63.44,59,0,17.63,-33.87,121.9
62.8738041456528,34.88126738321267,povenets,ru,25.19,100,64,8.72,62.85,34.83
-50.33852944787636,76.42829414587425,mahebourg,mu,75.2,83,40,11.41,-20.41,57.7
-58.458238677129714,45.58721262577197,east london,za,60.97,100,92,2.46,-33.02,27.91
-42.03322999095621,70.28355808202471,souillac,mu,75.2,83,40,11.41,-20.52,57.52
33.92336169097146,100.31750922991819,xining,cn,21.28,100,80,1.19,36.62,101.77
1.6056589833087003,133.98776780684017,manokwari,id,79.91,100,44,4.32,-0.87,134.08
-24.45106965262282,-54.37343085355516,marechal candido rondon,br,66.86,96,36,3.87,-24.56,-54.06
27.09723049535758,126.04307005227662,yomitan,jp,78.8,74,40,8.05,16.72,-93.08
-37.74700371375739,156.7677440272338,kiama,au,78.8,50,20,9.17,-34.68,150.87
2.561840398418653,-77.88034537828192,guapi,co,72.71,100,92,2.35,2.57,-77.89
7.022753548542298,17.701320921180212,bossangoa,cf,83.33,52,100,2.86,6.49,17.46
50.33851221909981,86.43632076101312,onguday,ru,4.58,67,0,1.86,50.75,86.15
39.79774076325495,-88.7617964617063,decatur,us,40.42,55,90,6.93,39.84,-88.95
-38.26053730993791,-38.54517548551854,laguna,br,66.73,95,20,1.3,-28.48,-48.78
42.964606020714,114.52434853950331,zhangjiakou,cn,31.27,86,92,11.81,40.81,114.88
0.033913193593562596,129.0178735922466,tidore,id,83.51,100,36,4.81,0.8,127.4
55.242375073672804,136.53491192646555,chumikan,ru,33.52,85,76,1.86,54.72,135.31
15.415143496952822,-9.240739768468131,nioro,ml,87.8,18,0,6.93,15.24,-9.59
51.46858979599841,-118.17080744979624,revelstoke,ca,44.6,87,1,1.68,50.98,-118.2
-38.57479431743184,155.40311475574362,ulladulla,au,78.8,50,24,9.17,-35.35,150.47
-3.844622218150846,-46.62131458849589,paragominas,br,80.32,74,36,5.48,-2.97,-47.48
-35.24040575811989,1.7277941553182359,luderitz,na,59.44,65,0,2.08,-26.65,15.16
65.92055634548137,56.78214162816454,usinsk,ru,13.09,88,76,2.98,65.99,57.53
58.30649710588193,170.3213836595924,tilichiki,ru,0.31,95,0,3.87,60.47,166.1
31.85216629045101,66.09791349926772,qandahar,af,50,19,1,1.12,31.61,65.71
-86.81890201087619,51.60899810164673,port alfred,za,57.37,97,92,3.8,-33.59,26.89
22.757178582037284,16.54616476882987,marzuq,ly,50.21,82,0,2.98,25.92,13.92
89.15624478934632,22.00779668024893,longyearbyen,sj,24.8,53,75,11.41,78.22,15.64
31.65117966680002,178.03799386267747,nikolskoye,ru,32,95,90,2.24,59.68,30.67
1.2436678531906438,-58.81439061389116,bonfim,br,81.71,66,20,3.87,3.08,-59.95
64.46965794454766,80.74174027175991,krasnoselkup,ru,22.58,87,76,11.07,65.7,82.47
9.147788009488991,125.95135998748555,carmen,ph,76.49,99,0,2.68,15.88,120.6
53.797131925874055,-144.78578526926705,kodiak,us,53.6,92,1,5.82,57.79,-152.41
24.70938655935433,-11.462012814871628,atar,mr,70.51,33,0,5.55,20.52,-13.05
-31.4939899798499,144.78243444396463,griffith,au,76.09,55,8,12.86,-34.28,146.03
13.273141102363851,9.551867463409678,magaria,ne,62.14,62,0,2.86,13,8.91
68.57940194399399,66.63957322839764,labytnangi,ru,18.04,86,76,3.31,66.66,66.42
-37.4422821803191,-70.52488874841497,coihueco,cl,55.79,62,12,5.99,-36.62,-71.83
41.162329767258626,-77.66863649731631,lock haven,us,51.73,54,1,11.41,41.14,-77.45
-31.183131772472606,116.13891163649845,northam,au,62.6,67,90,18.34,-31.67,116.67
50.431033400903516,-70.97584129365488,saint-ambroise,ca,42.58,75,90,9.17,48.55,-71.33
82.70880083670875,136.03474156743397,nizhneyansk,ru,23,85,75,6.71,55.64,51.82
37.852792275121544,-4.094543053601484,torredonjimeno,es,48.2,81,0,5.1,37.77,-3.96
86.69062621875736,-85.84669115883054,qaanaaq,gl,14.48,100,68,5.32,77.48,-69.36
19.597153597286294,89.04893155527503,paradwip,in,68.62,94,0,2.75,20.32,86.62
-18.735571332277445,146.818755119432,townsville,au,84.2,62,20,6.93,-19.25,146.8
23.195579114861403,57.391140965446766,nizwa,om,57.37,54,0,2.98,22.93,57.53
38.10889043499367,-56.50996838641895,louisbourg,ca,46.4,100,20,4.7,46.08,-59.97
-15.357636003315122,51.16466479422181,antalaha,mg,71.59,90,8,4.76,-14.9,50.28
67.51615655392268,26.767956625384073,kemijarvi,fi,35.36,100,92,10.36,66.67,27.42
-2.7341193286730316,150.38479778531382,kavieng,pg,82.21,100,68,4.09,-2.57,150.8
-24.75629414726707,171.91544577018482,vao,nc,73.03,99,0,7.78,-22.67,167.48
60.30937958584255,30.54062222342972,garbolovo,ru,32,100,90,2.24,60.34,30.5
-32.789553864359334,133.7072135595766,flinders,au,78.8,50,20,9.17,-34.58,150.86
58.46936403752733,-60.65883168328071,saint-augustin,ca,48.86,93,92,14.43,51.23,-58.65
41.471529938692925,-25.56590191357205,praia da vitoria,pt,60.8,93,75,18.34,38.73,-27.07
32.30179800070637,131.46623688523522,takanabe,jp,69.8,94,75,28.86,32.13,131.5
48.89431514479088,32.22125840440461,oleksandrivka,ua,43.73,94,92,0.18,48.96,32.23
71.62446916541856,141.94524310135097,deputatskiy,ru,7.87,84,32,7.38,69.3,139.9
30.848217750987487,-107.60111903041492,ascension,mx,66.91,21,0,6.38,31.1,-107.98
9.32500899047632,109.46036471509382,phan thiet,vn,76.58,100,36,2.86,10.93,108.1
62.97311858500689,-57.32123181629042,maniitsoq,gl,31.36,99,92,3.98,65.42,-52.9
56.57200560170787,-45.15305964620933,nanortalik,gl,36.71,93,88,7.23,60.14,-45.24
-29.784399684348912,42.64472604628381,beloha,mg,68.44,92,92,17.29,-25.17,45.05
50.96766621078564,118.1736834699102,aleksandrovskiy zavod,ru,20.11,52,88,11.41,50.92,117.94
48.43720961478664,-46.79377434563693,torbay,ca,41,86,90,6.93,47.67,-52.73
-4.082649778571266,-3.5412131775148623,axim,gh,80.5,100,8,5.88,4.87,-2.24
33.40717313400599,-87.4387145954891,northport,us,66.2,88,75,9.17,33.23,-87.58
-3.090347431358836,145.3139327707492,angoram,pg,81.98,88,76,2.46,-4.06,144.07
50.93821380078066,125.67538549910222,tahe,cn,33.43,57,44,10.8,52.33,124.73
-25.96387484773348,-155.28488390884092,avera,pf,60.87,59,1,5.82,33.23,-82.6
-45.32433069808736,177.67428527891462,waipawa,nz,62.6,67,0,11.41,-41.41,175.52
28.976075139472997,46.51539254423005,doha,kw,69.8,77,5,5.82,29.33,47.92
42.417697304646566,-8.199119357155666,lalin,es,62.2,87,0,3.76,42.66,-8.11
33.531847914003095,-94.10421521224565,texarkana,us,44.6,65,90,9.17,33.43,-94.05
39.28095628661896,137.09582718455573,ryotsu,jp,60.8,72,0,4.7,38.08,138.43
-24.196470243785328,137.20461339045,alice springs,au,80.6,42,0,8.05,-23.7,133.88
14.727134417251605,-73.35690817738949,manaure,co,75.2,94,75,19.13,11.78,-72.44
-5.477185655207734,-57.79414853303672,jacareacanga,br,78.7,88,0,2.98,-6.22,-57.75
38.045643826601776,132.21485359252995,sakaiminato,jp,58.86,82,75,2.24,35.55,133.23
40.61018677737607,-135.23143484598833,eureka,us,50,100,90,4.7,40.8,-124.16
13.416634688125143,148.38936271660538,airai,pw,68,82,75,8.05,31.73,130.67
-27.98543504114585,-75.91774943622566,coquimbo,cl,55.4,87,90,6.93,-29.95,-71.34
-30.618356020299828,-22.600765229273975,vila velha,br,78.8,83,75,11.41,-20.33,-40.29
-10.530882954925175,-21.959942645162215,georgetown,sh,74.65,100,24,17.4,-7.93,-14.42
-26.730840576094145,23.744696740084464,kuruman,za,51.43,23,0,18.07,-27.45,23.43
75.68476976473877,96.59588325584645,khatanga,ru,5.08,85,64,13.15,71.97,102.5
15.752830053055561,-87.47204591057577,san juan,hn,61.73,100,92,2.01,15.17,-87.12
32.73402102867976,77.82196122265287,manali,in,77,88,40,3.36,13.17,80.27
78.87541414795155,93.71640653879268,talnakh,ru,8.18,80,20,4.21,69.49,88.4
22.752272148323414,-66.94421480512652,isabela,us,29.84,100,40,4.7,47.63,-91.42
-23.254537029381467,42.5318784962177,toliary,mg,71.05,100,12,10.63,-23.35,43.67
6.781791362203023,69.65687831885737,kulhudhuffushi,mv,81.04,100,0,3.47,6.62,73.07
59.659942826339034,55.74801322836109,kerchevskiy,ru,20.24,99,80,5.77,59.95,56.29
77.53284128015417,42.82554764284728,ostrovnoy,ru,24.88,89,56,22.37,68.05,39.51
-19.62468330491484,-147.11884161042548,tautira,pf,84.2,66,40,14.99,-17.73,-149.15
12.529809249408743,105.28499619389657,phumi samraong,kh,73.12,73,12,8.72,14.47,103.59
-1.5208156709254723,99.21840802802171,padang,id,81.53,100,8,3.47,-0.95,100.35
69.15389413546171,178.1301670406399,leningradskiy,ru,14.98,100,0,6.38,69.38,178.42
63.832036633134805,129.011207459586,namtsy,ru,14.93,81,64,3.87,62.72,129.67
33.550893446598494,24.359076294366417,tubruq,ly,57.1,92,0,9.01,32.08,23.98
53.888479432611604,179.67401073202444,beringovskiy,ru,20.56,100,0,15.61,63.05,179.32
-15.68326280130249,38.24578675615709,mocuba,mz,78.52,71,0,8.5,-17,37
3.3826021842244245,-158.57186490049992,hilo,us,70.75,78,90,6.82,19.73,-155.09
-11.434828814754468,-37.227936099449465,estancia,br,78.8,74,40,9.17,-11.27,-37.44
-22.82425274886252,-72.06578000518333,antofagasta,cl,57.2,76,75,10.29,-23.65,-70.4
75.64619747957136,-169.22900055254476,lavrentiya,ru,33.74,100,44,18.52,65.58,-171
-32.42098835573801,178.98630208555335,ruatoria,nz,54.71,100,92,14.83,-38.37,178.3
38.12470311164583,-95.05455806427109,ottawa,us,38.8,69,90,14.99,41.35,-88.84
-32.608605630894964,-55.309172938622496,tacuarembo,uy,62.14,98,88,11.92,-31.73,-55.98
-20.59753327528,41.47781832467024,morondava,mg,75.68,95,0,3.8,-20.28,44.28
-33.09913872033099,95.3135363114929,geraldton,au,66.2,52,40,10.29,-28.77,114.6
6.410253582718852,-3.5369466742751854,abengourou,ci,73.84,95,76,4.99,6.73,-3.5
-5.737537238941741,-53.24668454073249,sao felix do xingu,br,74.2,97,68,1.86,-6.64,-51.99
-29.32526089427713,-69.46742937641513,vicuna,cl,55.4,87,90,6.93,-30.03,-70.71
6.822637875461027,-21.562947352777087,bubaque,gw,82.4,83,20,4.7,11.28,-15.83
56.52160419335107,137.89277312808605,ayan,ru,30.64,100,12,3.8,56.45,138.17
3.497563364191862,-54.858138992475006,grand-santi,gf,75.59,94,68,3.02,4.25,-54.38
-32.99195670412261,32.94219372473319,margate,za,57.86,100,92,13.31,-30.86,30.37
-40.58511131323774,-49.35695687003832,rocha,uy,57.37,94,88,17.07,-34.48,-54.33
-6.1305176720091765,-39.75276048217921,acopiara,br,85.81,41,92,13.15,-6.1,-39.45
35.09128598347573,91.91317148395535,lasa,cn,33.87,68,0,2.24,46.62,10.7
65.17572382073467,87.51133361995932,turukhansk,ru,23.03,92,92,11.14,65.82,87.98
28.738819018564087,70.10683720021564,rojhan,pk,64.21,87,0,2.35,28.69,69.95
51.148655426657086,-142.7413410509349,sitka,us,48.96,100,90,8.05,57.05,-135.33
37.42054048826927,72.03884789932277,eskasem,af,7.96,89,36,1.57,36.72,71.61
60.08624287379402,44.5246223278796,nyuksenitsa,ru,23.08,91,80,6.6,60.41,44.24
36.70603819724103,-81.26179334141695,bluefield,us,58.71,50,1,9.17,37.27,-81.22
-9.920086298106042,105.38898916345886,palabuhanratu,id,81.22,100,32,8.79,-6.95,106.49
-14.6152158946566,130.2038327835756,port keats,au,89.09,82,12,8.01,-14.25,129.55
65.27768129818406,-47.83723521360619,paamiut,gl,37.84,85,48,2.35,61.99,-49.67
80.93760253857988,31.877003029577025,berlevag,no,34.46,100,36,6.38,70.86,29.09
59.708166332699165,-15.753855925159343,hofn,is,45.94,90,8,5.26,64.25,-15.21
56.55499457272285,-132.16367840111633,ketchikan,us,49.41,81,90,9.17,55.34,-131.65
-19.69362814817893,35.3180640833117,beira,mz,78.8,83,40,14.99,-19.84,34.84
5.9827780926341205,147.33991942074118,lorengau,pg,82.03,100,92,1.68,-2.02,147.27
9.583138415390295,118.19074240120216,aporawan,ph,78.8,88,75,2.24,9.6,118.35
15.552143904841813,-87.63143218316381,toyos,hn,73.4,100,75,5.82,15.55,-87.65
20.855228823364826,87.01402730436723,chandbali,in,79.06,100,0,7.27,20.78,86.77
56.01854235033079,107.13678873455314,magistralnyy,ru,21.91,77,36,4.47,56.17,107.45
-41.9004268656066,-88.48362041161734,ancud,cl,50.71,98,92,12.03,-41.87,-73.82
42.76194628972698,-80.43537090587762,delhi,ca,54.21,76,90,9.17,42.85,-80.5
44.867903302384036,-113.0315757481265,dillon,us,57.85,76,1,3.36,34.42,-79.37
9.684968018841772,103.43325349161256,kampot,kh,73.21,97,0,4.09,10.62,104.18
53.34430729259461,8.039704783092759,zetel,de,50.65,87,75,14.99,53.4,7.96
-13.306262149178764,39.17970367533073,montepuez,mz,70.28,87,0,8.57,-13.13,39
-9.700711316632834,-40.45793526548181,juazeiro,br,86,42,0,9.17,-9.41,-40.5
-10.548082035113325,-79.27479459403872,huarmey,pe,65.74,68,88,4.03,-10.07,-78.15
0.35973294616731266,-8.39900359480319,harper,lr,79.33,100,92,7.61,4.38,-7.72
68.17464448914177,-48.12394334086133,qasigiannguit,gl,26.6,68,20,9.17,68.82,-51.19
37.54211521194176,70.66432882222259,jurm,af,21.01,58,8,1.3,36.86,70.83
21.20870870557154,23.92165067089732,faya,td,73.57,25,0,19.35,17.93,19.1
53.72210116046921,-166.46994544298647,bethel,us,51.89,81,1,4.99,41.37,-73.41
41.27395927418104,-63.33606219224265,liverpool,ca,54.04,100,0,14.61,44.03,-64.72
26.910384739403852,25.94196923230689,marsa matruh,eg,64.4,68,0,5.82,31.35,27.25
64.19074434703808,-143.77297406864753,fairbanks,us,35.6,80,90,5.82,64.84,-147.72
-17.763916966063377,15.079341299882373,ongandjera,na,68.84,30,0,11.25,-17.88,15.07
8.273802700608769,-41.573547017939035,carutapera,br,80.32,83,48,10.92,-1.2,-46.02
58.52864547266827,-37.6895825811641,tasiilaq,gl,50,25,0,14.99,65.61,-37.64
31.483523796368175,-79.91271005054585,hilton head island,us,59.45,82,1,6.89,32.22,-80.75
30.13991313835851,118.77849171284754,tunxi,cn,52.15,85,8,2.46,29.79,118.22
84.55476091168089,164.4243167444315,pevek,ru,8.32,100,56,9.35,69.7,170.31
-6.700333693492965,-30.820706918660278,cabedelo,br,75.2,94,75,10.29,-6.98,-34.83
48.15063033480743,97.73772359289103,kungurtug,ru,-6.9,73,0,3.53,50.6,97.52
-43.0350839797084,39.09406568648524,umzimvubu,za,37.16,94,0,1.52,-30.55,29.42
-29.63259557934696,-68.45629660570846,la rioja,ar,72.4,41,0,7.27,-29.41,-66.85
22.84357815257688,54.5551340779202,abu dhabi,ae,82.31,66,0,4.7,24.47,54.37
39.25957504558937,-110.63566840820783,price,us,60.8,25,1,17.22,39.6,-110.81
44.421608793586955,104.89080765265584,mandalgovi,mn,13.49,66,0,8.01,45.76,106.27
14.186671493658608,-84.3366819391634,bonanza,ni,72.49,98,88,2.68,14.03,-84.59
14.909695345429611,-100.81827572684836,acapulco,mx,84.2,74,20,4.7,16.86,-99.89
15.442569447022976,-129.71737974792538,guerrero negro,mx,73.39,70,0,9.13,27.98,-114.06
-21.512341184668912,-66.9402875905119,atocha,bo,44.41,12,0,3.69,-20.93,-66.23
61.10228851316049,-122.46343846162961,fort nelson,ca,42.8,81,75,4.7,58.81,-122.7
-66.59464709309373,173.45612508026107,kaitangata,nz,59.48,77,0,5.55,-46.23,169.75
23.521167618637904,-7.72220826628336,taoudenni,ml,73.84,23,12,12.93,22.68,-3.98
7.877151583457476,-1.743796691311104,kintampo,gh,75.73,79,20,8.39,8.06,-1.73
2.1130718971143807,-164.31613597422097,samalaeulu,ws,73.48,56,88,9.13,-15,24
-36.78919137526364,4.416961529745606,saldanha,za,57.2,47,0,5.82,-33.01,17.94
38.553765224192176,18.075031798322954,crotone,it,42.8,93,90,5.82,39.09,17.12
28.800966092052903,124.426919286675,shenjiamen,cn,68.17,94,68,21.54,29.96,122.3
56.34562159741651,38.383354498033384,mukhanovo,ru,29.56,95,88,5.88,56.45,38.22
37.20934889577137,0.19144763563588185,sidi ali,dz,50.26,85,0,2.24,36,0.33
-20.151791160977425,26.729485414351558,nata,bw,70.73,65,80,21.32,-20.22,26.18
57.99374602531469,7.011560590672559,lyngdal,no,51.8,66,76,19.46,58.14,7.07
44.87753788951176,81.43609383880329,yining,cn,50.66,83,0,2.24,29.04,114.56
-10.260942912823069,120.27257876617148,waingapu,id,78.79,92,0,3.69,-9.66,120.26
63.53874848479148,61.38282857810742,agirish,ru,17.77,90,12,4.36,61.92,63.02
12.130957607536217,-162.70725758310562,makakilo city,us,81.52,54,90,9.17,21.35,-158.09
-17.459256025980892,-43.12243045869195,turmalina,br,67.13,94,76,4.81,-17.29,-42.73
-28.5585347170504,138.14917788499093,port augusta,au,64.4,48,0,10.29,-32.5,137.77
-9.65303293608153,146.6006002653495,port moresby,pg,81.22,100,8,1.74,-9.44,147.18
40.56624281787006,-102.75996761700705,sterling,us,55.72,71,1,10.92,39.01,-77.43
27.37055669351676,55.179770959276425,bandar-e lengeh,ir,80.6,32,0,7.72,26.56,54.88
-2.560369721807689,174.4340404535825,ijaki,ki,30.99,100,90,8.05,61.5,23.75
56.97984647629548,50.09952066438427,urzhum,ru,14.93,71,44,2.46,57.11,50
3.5247513578413106,108.75665724680243,pemangkat,id,80.05,85,8,3.02,1.17,108.97
1.0689718287525807,-112.09021337414718,coahuayana,mx,77,78,40,11.41,18.73,-103.68
-59.53979851335972,128.04658486090722,portland,au,58.09,100,76,10.58,-38.33,141.6
45.1598860018195,-109.90227603713996,livingston,us,51.35,81,1,3.58,40.8,-74.31
24.60465194935483,-154.69427817579563,kahului,us,78.69,57,40,11.41,20.89,-156.47
20.881177907697662,13.106203689261292,bilma,ne,66.37,29,0,12.86,18.69,12.92
-17.79033776962129,16.546966971747707,eenhana,na,65.33,29,0,10.8,-17.47,16.33
43.71453922405101,-53.45895825789472,marystown,ca,47.74,100,48,7.05,47.17,-55.15
-64.96406572472334,-26.082555733192777,mar del plata,ar,55.4,82,90,11.41,-38,-57.56
-9.880418888226089,-76.29123806430731,huanuco,pe,53.99,64,36,1.74,-9.93,-76.24
-13.31698531023379,135.79570395197845,alyangula,au,83.74,95,0,10.07,-13.85,136.42
4.895870023816187,-1.1967601996027213,cape coast,gh,73.88,95,24,3.02,5.11,-1.25
28.81260677911702,104.10088919504426,yibin,cn,58.72,97,100,3.02,28.77,104.62
46.326426937351755,132.26317170122155,baoqing,cn,48.73,87,0,10.51,46.33,132.21
-6.203016287881368,12.274577889534328,soyo,ao,73.79,97,12,3.24,-6.13,12.37
68.21514817766615,145.66758710301724,belaya gora,ru,-0.51,66,64,8.84,68.53,146.42
24.57883429514196,-29.616676063329578,ponta do sol,cv,77.53,100,8,12.3,17.2,-25.09
12.847683074506591,-79.22286450743046,san andres,co,82.4,74,75,4.7,12.58,-81.7
55.66389333638247,79.0919504324911,ubinskoye,ru,26.68,86,76,11.14,55.31,79.68
24.775508328148632,-156.15354496327998,kailua,us,81.48,74,40,9.17,21.4,-157.74
5.4501008828861615,111.7607724513183,miri,my,82.4,74,75,5.82,4.41,114.01
-17.738594821060204,177.45033411339784,isangel,vu,77.17,100,36,10.25,-19.55,169.27
3.136561900892815,48.700372702848114,hobyo,so,73.84,91,48,6.22,5.35,48.53
52.02112400673127,-78.37777085622157,moose factory,ca,35.6,75,90,5.82,51.28,-80.63
28.642147268810263,82.60545223147403,tulsipur,np,56.06,77,0,4.59,28.13,82.3
24.352172552397036,69.28995188166698,diplo,pk,66.73,79,0,2.75,24.47,69.58
18.293852692038357,-8.076700496439173,nara,ml,78.52,24,0,10.29,15.21,-7.26
-28.924617354807914,-31.791052078149335,sao joao da barra,br,77,83,0,20.8,-21.64,-41.05
14.744387196576554,48.0059522070039,lahij,ye,68.17,95,0,2.98,13.06,44.88
8.367342936648782,38.4011860326618,butajira,et,53.18,93,76,3.2,8.12,38.37
25.87639398770871,10.401167212644935,gat,ly,30.2,92,75,4.7,60.15,24.76
-31.332346519674203,-167.61173567532325,alofi,nu,82.4,58,75,18.34,-19.06,-169.92
5.209524432788527,119.82921848128609,parangan,ph,79.73,100,76,7.05,5.08,119.94
86.51875544740861,157.78199275577305,cherskiy,ru,-2.49,72,68,2.86,68.75,161.3
-23.631016561929627,20.432724337607567,manyana,bw,59.39,46,0,3.87,-23.4,21.72
89.3478498013931,148.89452543063425,chokurdakh,ru,0.49,73,48,12.37,70.63,147.92
8.208874048939535,96.89450782485358,kathu,th,77,94,20,4.76,7.92,98.33
23.761356071711788,30.74390164190757,aswan,eg,71.6,35,0,9.17,24.09,32.91
28.153725824783024,89.00360085391668,gasa,bt,10.16,70,20,1.01,27.9,89.73
13.310139280997817,110.51160256873436,tuy hoa,vn,73.84,100,100,10.51,13.08,109.3
38.00330036028919,-1.0489209811502178,santomera,es,64.4,82,0,5.82,38.06,-1.05
55.17933195733241,-13.06648250446645,westport,ie,52.24,99,88,10.63,53.8,-9.52
62.134813565800926,70.30517050057762,gornopravdinsk,ru,26.77,92,80,5.82,60.05,69.9
-7.722927109023274,32.661337884570344,laela,tz,59.66,91,36,2.3,-8.57,32.05
38.89263183929222,-84.5487812560868,independence,us,39,74,1,5.82,39.09,-94.42
32.24814792802255,108.27663464610873,ankang,cn,43.19,87,0,1.68,32.68,109.02
-36.38136513369869,142.7159307601571,horsham,au,60.29,92,0,7.83,-36.72,142.2
20.602764882707135,-75.0274809800009,moa,cu,73.43,93,44,2.57,20.66,-74.94
33.89089149614698,10.744609682187104,jarjis,tn,40.96,100,90,8.28,36.3,-88.33
43.686914522006134,-82.5935163685207,port huron,us,46.4,93,90,8.05,42.97,-82.42
-3.8727544429284393,112.41015424207603,pangkalanbuun,id,76.54,98,0,4.25,-2.68,111.62
48.416551991252874,-83.37571964659057,chapleau,ca,30.2,92,90,14.99,47.84,-83.4
58.00855147389146,-70.74770548246661,iqaluit,ca,17.6,67,90,8.05,63.75,-68.51
64.71132967587712,93.36420860543308,baykit,ru,23.48,83,80,8.28,61.67,96.37
36.51335477740464,-11.675556514082047,aljezur,pt,62.63,100,0,3.09,37.32,-8.8
36.691213884119435,-140.26051914121567,fortuna,us,50,100,90,4.7,40.6,-124.16
64.29422540446183,51.434444714594946,ust-tsilma,ru,23.03,80,76,4.32,65.44,52.15
48.09143213740032,116.6884572019398,zabaykalsk,ru,21.37,39,44,21.59,49.63,117.32
55.94842556838884,-123.23489217666045,mackenzie,ca,51.8,53,1,11.41,55.3,-123.17
8.515710827392098,-45.79531859538008,cayenne,gf,80.6,83,40,2.24,4.93,-52.33
30.750786586190088,101.45695359514536,yaan,cn,57.23,100,92,3.36,29.97,103.09
39.91538311410534,52.13965778505792,gurgan,az,55.4,87,40,8.05,40.37,50.29
6.672089375400958,-81.93426621356647,los algarrobos,pa,78.8,88,40,3.53,8.5,-82.43
67.3497587999235,111.06067135778432,aykhal,ru,1.57,66,56,4.21,66,111.5
3.4850154194755447,21.466846180981292,businga,cd,70.19,97,76,1.52,3.33,20.88
-11.278217849080178,-74.17705641600853,mazamari,pe,69.25,93,12,1.79,-11.33,-74.53
5.4157189909469,-14.96389435857526,bonthe,sl,79.06,93,48,4.59,7.53,-12.51
-18.085758045295066,113.06063758478973,karratha,au,83.96,13,0,11.59,-20.74,116.85
-24.085672023089984,139.90775283562596,mount isa,au,93.2,26,75,6.93,-20.73,139.5
16.21212437969392,-84.60779765637359,brus laguna,hn,74.47,95,92,2.53,15.75,-84.48
-2.845052340545408,-169.33855139354145,saleaula,ws,,,,,,
29.089736165039284,-3.2653328149494882,adrar,dz,62.6,33,0,9.17,27.87,-0.29
46.951968145510136,114.23142485146423,baruun-urt,mn,15.61,48,0,12.03,46.68,113.28
56.3691378894147,108.33783324926242,kazachinskoye,ru,21.86,89,48,4.32,57.7,93.28
-25.653775323159692,-22.958225660670763,caravelas,br,78.07,100,92,21.09,-17.71,-39.25
21.69912494719111,115.46172207876941,jieshi,cn,72.13,100,0,9.51,22.81,115.83
-4.915497506385279,103.39792890750749,baturaja,id,74.06,100,88,4.21,-4.13,104.17
62.36504060623005,-20.376726843483368,vestmannaeyjar,is,47.92,97,68,14.32,63.44,-20.27
84.40646576980953,59.8249012088738,amderma,ru,26.5,92,76,13.82,69.75,61.65
-15.021084420826767,27.026761314723785,mumbwa,zm,71.63,70,56,4.88,-14.98,27.06
-25.497562455671044,147.96380073773594,roma,au,79.96,47,0,6.26,-26.58,148.78
49.62871789194534,113.61195399107868,aksha,ru,23.21,46,48,14.05,50.28,113.29
8.991562042675966,-8.295654220274514,beyla,gn,66.46,96,24,2.53,8.68,-8.63
35.499832853648954,-93.16052027521991,russellville,us,44.6,48,1,5.82,35.28,-93.13
-9.580684417713513,-53.906227476035994,alta floresta,br,73.03,97,32,4.09,-9.88,-56.09
21.81034809276582,-99.25994475204794,tamasopo,mx,70.46,55,0,10.4,21.93,-99.48
71.12679186372625,133.82757356579845,ust-kuyga,ru,1.66,68,56,5.37,70.02,135.6
-14.529675168446886,-39.49351788862245,coaraci,br,73.3,90,92,5.7,-14.64,-39.55
-16.403596293536836,105.33686577332219,banjar,id,84.2,74,20,4.7,-8.19,114.97
-37.25338281293789,146.0864899194865,healesville,au,61.57,63,75,11.41,-37.65,145.52
-10.772463222009321,62.73185132774654,victoria,sc,78.8,88,75,9.17,-4.62,55.45
7.92632223749321,-5.978074565738581,mankono,ci,74.24,91,24,5.26,8.06,-6.19
6.912895238161937,89.06931690016347,port blair,in,82.21,100,0,7.11,11.67,92.75
61.495972748935856,152.17962522686366,talaya,ru,3.37,75,56,3.09,61.38,152.75
42.90061194422901,-126.32736378855174,coos bay,us,57.2,87,1,5.82,43.37,-124.22
82.9720755854301,-63.40291148181572,narsaq,gl,35.6,93,0,4.7,60.92,-46.05
27.12609717156009,57.92347010878126,minab,ir,71.09,68,0,3.53,27.15,57.08
14.695787549204582,16.26354155377325,moussoro,td,74.11,24,0,12.08,13.64,16.49
21.024386084574218,124.88941186992923,basco,ph,81.31,100,76,16.55,20.45,121.97
45.07606532905456,-137.5931429935702,port hardy,ca,50,81,5,0.78,50.7,-127.42
-17.832601591573933,49.40428339376237,toamasina,mg,71.6,94,40,2.08,-18.17,49.38
-0.3778198093307168,-84.43833015429124,manta,ec,73.4,83,75,14.99,-0.95,-80.73
36.45721448128043,79.3982790059527,shache,cn,34.87,79,56,5.7,38.42,77.24
11.207883521519989,-4.467934811806458,bobo dioulasso,bf,75.01,34,0,8.61,11.18,-4.3
36.328843737766775,113.07772277078908,hecun,cn,45.98,69,20,3.76,36.53,114.11
2.500637777183414,132.2345709446978,sorong,id,79.73,100,24,2.68,-0.88,131.25
72.77935096699073,14.858443051529946,andenes,no,35.6,100,92,6.93,69.31,16.12
68.30902590574456,84.37485776601523,dudinka,ru,1.03,61,8,4.99,69.41,86.18
50.03277396403519,-64.12323973270834,havre-saint-pierre,ca,44.6,93,90,6.93,50.23,-63.6
-21.43459247916094,-58.14846646039827,porto murtinho,br,72.89,93,8,4.54,-21.7,-57.88
13.019596399825659,-103.06872917926385,petatlan,mx,86,70,40,5.82,17.52,-101.27
5.934953790946764,8.068214629068024,ugep,ng,76.54,93,92,8.05,5.81,8.08
55.53850331092718,160.67336956347293,klyuchi,ru,32.93,79,48,16.33,52.27,79.17
-3.9889080498194573,-61.80211997336909,anori,br,82.43,77,8,3.47,-3.77,-61.64
35.72605985843488,127.3451704760808,seoul,kr,58.23,67,1,5.82,37.57,126.98
-17.317502306086737,141.5770086008618,mareeba,au,82.4,58,0,13.87,-17,145.43
25.002685713893158,-16.915814060082084,arona,es,76.89,22,0,19.46,28.1,-16.68
24.80858643923891,-71.8115050732799,cockburn town,bs,80.09,100,0,17.18,24.03,-74.52
59.64352463838716,17.7201155410645,marsta,se,42.3,93,20,10.29,59.62,17.85
68.51040277833974,156.40439690249582,srednekolymsk,ru,-0.42,76,80,4.54,67.45,153.68
20.072194865196224,114.41108982969189,zhuhai,cn,76.28,61,0,13.87,22.28,113.57
-5.257437033920482,-90.15473219670656,san cristobal,ec,69.8,83,75,11.41,-0.9,-89.62
8.501006465787995,134.33357720263535,meyungs,pw,85.95,66,90,5.82,7.34,134.47
4.028489337212221,42.971714965372996,wajid,so,64.93,90,0,5.21,3.81,43.25
28.89144854601537,134.33912839583292,nichinan,jp,68.61,94,75,28.86,31.6,131.37
-15.867971717174882,-77.35262509356602,marcona,pe,59.89,100,12,12.93,-15.37,-75.16
-32.022620367746285,21.976398840073983,carnarvon,za,39.59,56,0,13.53,-30.97,22.13
-14.302782955555102,40.07616356036772,nacala,mz,78.61,96,0,11.25,-14.54,40.67
13.169445287431003,86.6173806647472,yarada,in,83.74,100,0,13.6,17.65,83.27
-4.5954616445978616,-154.9181080783477,faanui,pf,79.6,100,80,14.76,-16.48,-151.75
-14.439519838209748,163.37844368713047,luganville,vu,78.7,100,32,9.28,-15.53,167.17
40.145150564190914,140.28190247856048,takanosu,jp,56.71,71,0,2.24,40.22,140.37
-29.527148904981317,156.57595986037433,ballina,au,75.1,91,0,4.47,-28.87,153.57
25.17201945547791,-60.0214154377482,the valley,ai,80.36,100,76,18.68,18.22,-63.06
54.651717978961784,60.030877245291265,leninsk,ru,44.6,100,90,8.95,48.71,45.2
-8.073611436722459,-72.43924046261165,porto walter,br,75.82,95,48,1.01,-8.27,-72.74
69.30239031794366,80.66837962095974,karaul,ru,14.35,94,20,4.09,58.31,48.35
15.19560265067389,4.965758264002062,tahoua,ne,60.88,48,0,5.59,14.89,5.27
9.017411442488026,32.98046954286795,malakal,sd,76.58,76,0,5.77,9.53,31.66
70.96978646655478,119.71939445645643,zhigansk,ru,16.06,88,76,4.21,66.77,123.37
-6.8443962879768065,4.145707888383896,gamba,ga,73.75,99,92,1.45,-2.65,10
51.0679322573273,110.65190575694106,khilok,ru,22.31,65,76,8.5,51.37,110.47
-49.150195944735025,175.83288434932473,dunedin,nz,60.7,73,0,3.76,-45.87,170.5
68.93067472833891,31.466223706979008,verkhnetulomskiy,ru,32,87,75,6.71,68.61,31.8
18.850931425782633,-71.65553647670626,comendador,do,71.5,95,24,2.24,18.88,-71.7
11.433714881181075,56.20303475958198,bargal,so,30.2,68,0,2.24,46.22,10.17
50.16262044870109,32.25594047589453,hrebinka,ua,41.62,91,92,3.98,50.12,32.44
65.33248591331306,146.69416907299097,artyk,ru,16.15,77,0,2.75,57.71,52.5
20.077273513160208,111.94535878081552,qiongshan,cn,73.4,88,0,2.24,20.01,110.35
58.802170437552206,-127.73843678482737,smithers,ca,39.2,93,40,4.7,54.78,-127.17
44.06497610632306,-117.52484427919681,ontario,us,82.54,10,1,2.01,34.06,-117.65
54.22395135492107,-88.6403740814947,geraldton,ca,26.6,92,90,14.99,49.73,-86.95
10.159855900840569,-73.90110938604295,el copey,co,71.95,91,32,1.86,10.15,-73.96
31.029541110188333,-13.127251864820238,teguise,es,75.2,31,0,10.29,29.06,-13.56
28.42537174015095,118.34953223532216,shangrao,cn,54.4,91,0,2.35,28.45,117.97
2.4414228050769964,45.237257891048074,afgoye,so,70.01,95,0,4.81,2.14,45.12
50.57719001370111,-32.247549952499156,lagoa,pt,65.38,100,92,10.85,39.05,-27.98
7.053477468562946,-114.39904716608098,san patricio,mx,84.2,74,5,5.82,19.22,-104.7
-23.321333335340796,35.38075862275119,maxixe,mz,67.45,100,100,25.23,-23.86,35.35
-31.725024533919182,13.529681483414947,oranjemund,na,65.47,76,0,16.78,-28.55,16.43
-5.015438774553644,87.21447697881547,hambantota,lk,76.72,100,12,9.4,6.12,81.12
63.04008845486854,-165.82170007305,nome,us,30.2,100,90,3.31,64.5,-165.41
2.1310880005210606,5.379277857658337,yenagoa,ng,76.18,94,88,6.6,4.92,6.26
60.281032991220854,23.084912877499875,salo,fi,33.8,100,56,4.7,60.38,23.13
1.0501180526145646,-24.312402996773187,touros,br,78.29,87,68,14.32,-5.2,-35.46
69.22923300541811,77.47112253145485,tazovskiy,ru,20.33,87,80,8.61,67.47,78.7
51.33743945894389,21.654513535686505,pionki,pl,42.79,100,88,12.53,51.48,21.45
59.70547567033728,149.24149382098716,arman,ru,15.8,78,75,2.68,59.7,150.17
66.92141025333478,88.43895988658721,svetlogorsk,ru,42.8,93,75,6.71,54.94,20.15
19.354019551589545,-88.10233620132725,felipe carrillo puerto,mx,78.34,68,44,4.36,19.58,-88.05
64.57771270863282,-23.187808850128334,olafsvik,is,46.75,97,12,16.67,64.89,-23.71
22.600988087371036,-83.89884567832112,pinar del rio,cu,75.1,99,92,10.36,22.42,-83.7
-2.5924762097544374,128.81767753313773,amahai,id,82.21,100,8,2.08,-3.33,128.92
33.26412764825774,-82.69609062134685,milledgeville,us,59.7,72,1,6.38,33.08,-83.23
18.667777546341142,-73.84110388469286,jeremie,ht,80.95,98,48,7.83,18.65,-74.12
46.83495122690664,40.63160173588619,mechetinskaya,ru,44.23,93,48,8.34,46.77,40.46
52.36383016411358,58.992949923803224,kizilskoye,ru,22.54,83,36,9.4,52.72,58.67
-8.614349411790272,-41.068288521020264,casa nova,br,86,42,0,9.17,-9.42,-41.13
15.022391953380861,24.8762208969018,kutum,sd,64.61,21,0,10.58,14.2,24.67
53.34014328064512,33.26894525678864,kletnya,ru,37.66,95,80,2.98,53.39,33.22
-1.2200517022832997,100.92969346978543,solok,id,70.33,96,32,2.35,-0.79,100.66
21.852295487365254,-19.808169889574202,nouadhibou,mr,82.4,30,0,10.29,20.93,-17.03
-6.269709470381244,16.850975074947826,kasongo-lunda,cd,68.44,100,80,1.52,-6.47,16.82
-32.29172128943438,-73.47277145747846,valparaiso,cl,52.54,87,0,5.82,-33.04,-71.63
43.68258625370467,99.35283396674345,hovd,mn,9.4,78,0,2.86,48.01,91.64
-35.373733317840035,-46.94591658233611,cidreira,br,64.3,100,92,7.49,-30.18,-50.21
12.456293750395758,61.07735962565255,salalah,om,77,78,0,3.36,17.02,54.09
-33.939768137083796,176.10806900483527,ngunguru,nz,61.78,93,64,7.9,-35.62,174.5
-17.99420573131782,95.92094010782597,labuhan,id,80.86,100,12,8.28,-6.88,112.21
46.513905205178105,36.616894009321555,osypenko,ua,52.64,100,76,10.29,46.91,36.83
27.591639170916395,34.05296119886293,hurghada,eg,75.2,47,0,9.17,27.26,33.81
55.260071081458676,76.80536286806995,chany,ru,31.09,88,92,12.82,55.31,76.76
19.547689000525153,-68.67494325091656,samana,do,80.59,90,92,7.23,19.21,-69.34
32.77191696185345,110.76593356998279,shiyan,cn,50.62,87,0,2.46,32.65,110.78
-4.349168358672912,44.739173715732846,bur gabo,so,33.8,100,88,4.7,60.45,22.27
69.41175788851743,46.468328663284325,mezen,ru,22.63,74,12,8.79,65.85,44.24
-24.178397015190484,78.49771875528376,grand river south east,mu,75.2,83,40,11.41,-20.29,57.78
46.34160749248937,-63.88830698563778,summerside,ca,51.8,81,75,4.7,46.4,-63.79
-17.332298817427613,-153.72479414204017,vaitape,pf,79.46,100,64,13.31,-16.52,-151.75
58.057740075883515,19.017082975713237,visby,se,44.6,93,76,11.41,57.64,18.3
63.09526758854827,50.91076052286638,zheleznodorozhnyy,ru,30.79,92,90,6.71,55.75,38
28.23621836381116,137.41735320485958,shingu,jp,68,88,75,2.24,33.73,135.98
42.40301685034896,-21.743349262541443,vila franca do campo,pt,68,94,40,25.28,37.72,-25.43
-1.112838992261132,154.4078024178699,namatanai,pg,83.38,100,100,4.25,-3.67,152.43
32.12238312506706,-89.58749486440763,brandon,us,70.95,60,75,5.82,27.94,-82.29
-6.543016666923123,115.39698999271593,kalianget,id,84.37,94,0,8.79,-7.05,113.93
-32.57033664567976,-61.79142549487082,bell ville,ar,61.87,77,0,7.27,-32.63,-62.69
48.34305252430366,37.676047170609706,shcherbynivka,ua,47.96,95,92,9.91,48.39,37.79
59.32531615361029,67.22251324912267,kondinskoye,ru,21.73,98,76,3.09,59.65,67.41
-0.7782683981479863,-45.18167862946828,candido mendes,br,80.86,98,92,16.44,-1.45,-45.72
58.91802565197642,122.9570902291133,aldan,ru,13.72,71,44,2.46,58.6,125.39
33.16908178512264,-26.987620465167623,ponta delgada,pt,68,94,40,25.28,37.73,-25.67
44.41214340771174,53.9018072593974,zhanaozen,kz,37.48,92,8,5.1,43.3,52.8
-7.628363703522552,-71.10151098390791,tarauaca,br,82.84,73,24,4.36,-8.16,-70.77
-5.324350114979893,157.92446488895843,kieta,pg,84.14,92,8,2.75,-6.22,155.63
59.759726889933916,-56.44423800226245,nuuk,gl,32,100,90,11.41,64.18,-51.72
-47.85695851808565,162.37513740058972,tuatapere,nz,56.51,83,0,2.98,-46.13,167.68
-39.69830857989487,151.32186808093076,lakes entrance,au,67.45,76,80,5.32,-37.88,147.98
-30.848277106803216,-68.84671518718206,san juan,ar,67.27,51,0,1.86,-31.54,-68.54
29.795872410110476,142.34693460741192,katsuura,jp,60.8,77,75,11.41,35.13,140.3
51.060792994201705,-125.74799210839473,campbell river,ca,51.26,93,5,0.85,50.02,-125.24
23.548593966761686,-105.22648962872279,pueblo nuevo,mx,68.49,59,20,10.29,19.67,-99.62
24.723010202374823,-110.01700016097999,la paz,mx,93.2,30,5,9.17,24.17,-110.3
16.47318757700775,-15.127862008258433,podor,sn,80.59,33,0,8.01,16.66,-14.97
28.123213991042448,48.56585404720073,bayan,kw,69.8,77,5,5.82,29.3,48.05
24.118433003618634,78.23045687508181,bina-etawa,in,61.42,48,0,2.86,24.19,78.2
69.68401003882764,165.78668551745722,bilibino,ru,-8.79,62,64,2.53,68.05,166.44
65.22672470794163,160.59950130842083,evensk,ru,27.31,100,88,3.09,61.95,159.23
25.114776818975344,82.84511813895608,chunar,in,67.36,84,8,2.75,25.13,82.9
-20.059795100546864,23.838857341345943,maun,bw,71.6,64,0,11.41,-19.98,23.42
59.36410759133531,92.27508808942292,yeniseysk,ru,27.04,85,80,4.54,58.45,92.17
58.66733457831057,-149.85473966373368,homer,us,48.2,66,1,18.34,59.64,-151.55
23.422326078248446,24.033951232757573,jalu,ly,55.34,92,0,3.02,29.03,21.55
-12.403226752115131,-64.69514461009862,rodrigues alves,br,77,88,0,3.24,-7.57,-72.62
47.71525723577625,36.756336139223095,kuybysheve,ua,48.1,94,56,7.9,47.36,36.65
-17.422245713372817,-179.37254938859027,halalo,wf,,,,,,
-32.660260460671964,143.34518068618542,mildura,au,67.63,70,8,5.37,-34.2,142.15
48.45947076081424,-110.37013843785518,havre,us,42.8,52,1,6.93,48.55,-109.68
63.420618875912254,-118.62814343996575,hay river,ca,41,75,75,12.75,60.82,-115.8
-0.5747224627552612,30.0679451222085,bushenyi,ug,62.41,95,44,1.74,-0.59,30.21
46.44286758089282,-61.66235421884126,inverness,ca,42.8,100,1,3.36,46.23,-61.3
-24.24310268340561,55.50415724521588,saint-joseph,re,72.41,64,90,3.36,-21.37,55.62
-15.426249601600233,-83.02011843847407,lima,pe,62.32,77,12,2.08,-12.04,-77.03
36.48723882312011,53.543319441408926,behshahr,ir,64.4,93,40,4.7,36.69,53.55
63.48957940711168,-153.84239429552497,kenai,us,47.32,75,1,29.97,60.55,-151.26
19.931199527748078,30.023071906853602,marawi,sd,71.05,46,0,2.98,18.48,31.82
-27.946293422309417,22.30231981142316,kathu,za,54.04,21,0,16.84,-27.7,23.05
16.69909987567533,-18.93026942967134,dakar,sn,82.4,88,0,5.82,14.69,-17.44
65.07523015230007,-63.18559801651517,pangnirtung,ca,13.04,100,24,5.26,66.15,-65.71
-30.463921993206093,139.84202089347252,broken hill,au,84.23,42,8,18.12,-31.95,141.43
66.85165815448295,-19.916152477925095,skagastrond,is,45.22,94,0,19.42,65.75,-19.64
-20.543350092916825,-62.302133170368336,boyuibe,bo,72.89,78,44,16.62,-20.42,-63.28
2.266610264894055,63.149834048691105,kudahuvadhoo,mv,79.78,100,48,3.53,2.67,72.89
-33.97187279961047,153.13063017397445,nelson bay,au,75.2,60,12,8.05,-32.72,152.15
-18.18328764295167,-25.031834334966078,maceio,br,73.4,88,20,4.7,-9.67,-35.74
49.9454270841631,38.49507711448743,veydelevka,ru,43.06,94,92,6.22,50.15,38.45
36.40889517111974,-1.2382418974650875,wahran,dz,,,,,,
17.738297319450993,94.45523532649912,pathein,mm,73.12,99,76,1.01,16.78,94.73
50.668810383598554,66.58614448214229,derzhavinsk,kz,34.06,100,92,9.28,51.1,66.32
5.742684248060542,-109.23201970791395,lazaro cardenas,mx,83.11,78,0,5.21,17.96,-102.2
50.53997923493566,16.608476909835503,nowa ruda,pl,44.6,93,20,14.99,50.58,16.5
-7.5973296463888005,-26.353508287616506,pitimbu,br,75.2,94,75,10.29,-7.47,-34.81
30.640507520422062,37.000966293819175,bayir,jo,63.27,40,40,3.36,32.03,35.86
51.5258455328688,133.55411619669064,chegdomyn,ru,40.63,71,44,10.8,51.12,133.02
-3.6782600770380043,-84.753325464482,el alto,pe,71.95,93,80,8.79,-4.27,-81.21
-32.152158988578265,26.430616144154413,whittlesea,za,28.48,87,0,0.85,-32.18,26.82
59.56102443799986,-105.92929702959336,la ronge,ca,32,94,90,2.24,55.1,-105.28
-41.577987254239574,-42.03168778085765,rio grande,br,64.34,100,92,5.26,-32.03,-52.1
38.051226117645115,-89.38073618676765,carbondale,us,41,45,1,8.23,37.73,-89.22
42.11211228508017,-110.62583492479932,evanston,us,39.58,65,90,10.29,42.04,-87.69
